{
  "accuracy": 0.9856424982053122,
  "classification_report": {
    "0": {
      "precision": 0.986863711001642,
      "recall": 0.9966832504145937,
      "f1-score": 0.9917491749174917,
      "support": 1206.0
    },
    "1": {
      "precision": 0.9771428571428571,
      "recall": 0.9144385026737968,
      "f1-score": 0.9447513812154696,
      "support": 187.0
    },
    "accuracy": 0.9856424982053122,
    "macro avg": {
      "precision": 0.9820032840722496,
      "recall": 0.9555608765441952,
      "f1-score": 0.9682502780664807,
      "support": 1393.0
    },
    "weighted avg": {
      "precision": 0.9855587578992783,
      "recall": 0.9856424982053122,
      "f1-score": 0.9854400669330853,
      "support": 1393.0
    }
  },
  "confusion_matrix": [
    [
      1202,
      4
    ],
    [
      16,
      171
    ]
  ]
}